Date,AAPL,MSFT,GOOGL,AMZN,TSLA,JPM,V,JNJ,WMT,PG
2025-05-07 00:24:13.054545,0.008417750723534567,0.01343465664179111,-0.0241922228041056,0.020467513875324528,0.022785618024710574,-0.014843218941840153,0.010724626360802292,0.00932127846939701,0.007832286106723041,0.002282986616713778
2025-05-08 00:24:13.054545,-0.0015822199767685508,0.030124606164681156,0.01040603444994459,-0.017386396979090057,0.013187275488464545,0.021469256755521915,0.014475992107533031,0.015552057870583225,0.010988188946459143,0.004679688619078304
2025-05-09 00:24:13.054545,0.010795373802627406,0.015022909278119112,-0.011000065725732755,0.05030290055031594,0.028989586931085443,0.00567596869868825,0.0019158160187819906,0.012742234029988087,-0.017870872651867153,0.00435268588443094
2025-05-10 00:24:13.054545,0.024580703805845427,-0.02034220279693566,-0.008115893675464614,0.009878387577178627,0.020799682068071368,-0.008485489087407316,0.022042319308505087,0.015813668544902404,-0.008291343212312952,0.012733291508077782
2025-05-11 00:24:13.054545,-0.0030923309414552236,-0.005996567745061077,-0.0099726562019542,0.004048629959825689,0.03385145403874046,-0.00030579893807813896,-0.015906599799026644,0.007329905969176487,-0.008364111630050242,-0.010517428611372837
2025-05-12 00:24:13.054545,-0.0030920723858154364,0.018272023892186295,-0.01476317426799667,-0.015665881746422583,-0.016064673762471893,0.007431083305430075,-0.0021709411914259125,0.0010302412068254885,-0.010300356551567802,0.00713371169321686
2025-05-13 00:24:13.054545,0.025465502244516047,-0.009093091229082861,0.0013320315478573264,0.013790168281254234,0.04228766360723091,0.0013544033205270534,-0.009750858573248533,-0.014819693779352439,0.009762503502297237,0.012297123738131965
2025-05-14 00:24:13.054545,0.012681199052457126,0.006865044844205803,-0.014180391923301339,-0.010322976826351304,0.007017453331517043,0.007184512889010675,-0.026408652970016377,-0.002007611648874086,-0.0018406389747573915,-0.017648700059282874
2025-05-15 00:24:13.054545,-0.006798288524396678,0.011449704612864542,0.005246600485479647,0.0028613243202748606,0.06615822430019058,-0.01120257158389959,-0.0005630099027614799,-0.007650471057927266,-0.002642173520829627,0.0034995653492417844
2025-05-16 00:24:13.054545,0.009139755634814506,-0.012131763149941799,-0.00040992648341264815,0.04893660572384739,-0.02091372507873268,0.002530571216998956,-0.0011290349575199254,0.02083094082126724,-0.02236452061923766,-0.004803877265654122
2025-05-17 00:24:13.054545,-0.006702904573387403,-0.00011065817964905911,-0.003738456912297017,-0.0012598059132817863,0.055471371129188096,-0.01741430309678116,0.022562746295754943,-0.0013445043926844091,0.0075621060850006305,-0.0005438935336133932
2025-05-18 00:24:13.054545,-0.006739316107799431,-0.04420545736165926,-0.015531727848617116,0.02227477991121196,0.00702725454150932,-0.0010044912585930321,0.009774522861885071,0.0014816363141727518,-0.013694726526848777,0.0037820273478650357
2025-05-19 00:24:13.054545,0.004405785697761955,-0.01348239256956385,-0.00969709955071374,-0.01273322979220537,-0.019724087743420604,-0.010991340448349596,-0.014204151642368323,0.005528507305646135,0.0010367150075829556,-0.004633024554761445
2025-05-20 00:24:13.054545,-0.029536093546055575,-0.002785979854522891,0.013800039316824941,-0.00010566476304807448,-0.014447320395096885,-0.008869980840956249,0.02749819689180577,0.0007294647090871909,0.0035023017025512804,-0.006532719503512752
2025-05-21 00:24:13.054545,-0.02656966438601227,-0.0165783637550887,0.009311539182137007,0.034020542008174504,-0.009296340999815134,0.01597013558211602,0.018326035996391044,0.016334187147964085,0.01578556113079177,0.0006220017905205211
2025-05-22 00:24:13.054545,-0.008259958140979684,0.02333737991586271,-0.016766263327568365,-0.011293008123989368,0.014153622327005788,0.014146040550827133,0.009068723617957408,-0.005566023129477071,-0.014483485515360717,-0.010680631243921046
2025-05-23 00:24:13.054545,-0.015355352764951258,-0.01910561080153239,0.002228247658326854,0.03480761375953767,0.017261420769139058,0.00807124435877582,-0.002646525515971332,0.002156327924020651,-0.033880906764450214,-0.01066631082540248
2025-05-24 00:24:13.054545,0.005544168406026673,-0.005384157644598986,0.013729413588043471,0.013930809920839948,-0.017276200844185685,-0.013365021885198725,-0.013266047275627746,-0.006698227273745028,0.0024418007460174085,0.007125216840956572
2025-05-25 00:24:13.054545,-0.013704796954097986,0.002526179805430573,-0.02896935093197628,-0.010074067371248274,2.6553241211146883e-05,-0.003589546367993357,-0.004757848653858754,-0.012155580002885968,0.020773020653152008,-0.01130097774475236
2025-05-26 00:24:13.054545,-0.021646454579935748,0.020688456016971113,0.0100601634186539,0.012506938446509297,0.06826882472165252,0.015680419826203273,0.016409405402551203,-0.0054632142337234235,0.014405474018406528,0.0069935765315274345
2025-05-27 00:24:13.054545,0.023677036618657166,-0.019184893266143588,-0.011211394050299694,0.018935107056852862,0.055206146117634525,0.0021822906828388167,0.027940009650168296,-3.250451949854405e-05,0.002734457169313753,0.0049402597570364915
2025-05-28 00:24:13.054545,-0.0029604044227354853,0.016834220116530796,0.010540604979670798,0.012306659289621047,0.014536554616134012,0.029617630973955977,0.0229944176656387,-0.0037390644088235447,-0.005217487497297779,-0.01711671904257195
2025-05-29 00:24:13.054545,0.0016587073576601608,0.0008561026098554692,-0.012986435617838965,-0.029118902382417322,0.001990647843514326,0.005352164393219505,-0.006447841738388083,-0.006225302951503697,0.009509052863898582,-0.006551432002214863
2025-05-30 00:24:13.054545,-0.02184243679530451,-0.012888145620783331,-0.031358937418143995,-0.013186045417747705,0.004574282222622905,0.0028164168336934914,-0.015586811202305317,-0.012970990658549675,-0.010681833432500287,0.012313269277462124
2025-05-31 00:24:13.054545,-0.007977983971032221,0.007118437905559549,-0.028230959782760467,-0.004122106976753859,0.020117650564045908,-0.0034976759862004325,0.0026761704841955503,-0.0004678135316080745,0.005758532254900084,-0.009611441233209672
2025-06-01 00:24:13.054545,0.0023421046854259497,0.0034729937885618067,0.0013243292140026064,-0.0008511040346479426,-0.031421286948263516,0.0020792826535325215,-0.02498735739113922,-0.013900810762461524,0.006088635727081959,-0.004402977216009019
2025-06-02 00:24:13.054545,-0.017531206943404487,-0.007603938326821824,0.005057264805807815,0.012285155668669168,-0.007312948150695386,-0.001524113981753894,0.005317180701696067,0.00749931411179694,0.012378793226152096,0.004934913831541099
2025-06-03 00:24:13.054545,0.006511925741681024,0.0016816516841196005,-0.015474455500392836,0.003913788814102981,-0.051761807552576866,0.009318156157420932,-0.0015036398253109873,0.0010964427617827788,0.03164874642589233,0.008173611937815739
2025-06-04 00:24:13.054545,-0.00886393215076653,-0.004625658807022925,0.011739902709831718,-0.024680080785729808,0.013367997222700989,0.012450141629957834,-0.006117313596960994,-0.013455106792016447,0.004806721684196713,-0.0022574958890257957
2025-06-05 00:24:13.054545,-0.003998506672290958,0.0022874882453798318,-0.028830268744530985,0.00774061957529093,0.021178406817272233,-0.0095057110108977,-0.022470155034730932,-0.0026042908289602984,-0.005413962199999123,-0.005744558911669251
2025-06-06 00:24:13.054545,-0.008880750346322408,0.009890554334434087,-0.0006893476165162893,0.012094541527712943,-0.01442529225536382,-0.016375133327973912,0.008076286723576409,-0.006789749669028566,6.715741423612975e-05,0.01461391844980664
2025-06-07 00:24:13.054545,0.029765877590005152,0.022694412751217863,-0.020884127512089345,0.011134600637948244,0.050369573919518906,-0.022737187809231396,-0.007083189063564199,0.0033333759581744005,-0.0197022924059993,0.01780423897892902
2025-06-08 00:24:13.054545,0.000382676785439795,-0.016440224651261603,-0.011021117769254962,0.02098039142419461,-0.03781433861047301,0.006796914535817322,-0.016315581042244065,0.012983526478113294,-0.0075201636173971576,0.01014373957283321
2025-06-09 00:24:13.054545,-0.016062143315550226,0.030275349677597596,0.0013122244547112416,0.016315202939295448,-0.04532982253022044,-0.013504287197790954,-0.04098024719359317,-0.017401254039816405,-0.004283683773857683,0.0011377038255835359
2025-06-10 00:24:13.054545,0.01354910285480071,-0.0263391082875708,-0.014700074785526263,0.009233243388651058,0.007863218570149266,-0.026727046550234945,0.0002362671324049881,0.001404354602142055,-0.00558546099692514,-0.00786877495639382
2025-06-11 00:24:13.054545,-0.018631242187593378,-0.0013892579790928394,-0.006306731759297524,-0.0007704517521837095,0.03377414730495576,0.005292455646298988,0.026312432697963795,-0.001195652374735623,0.002084684724701358,-0.008092315088558566
2025-06-12 00:24:13.054545,0.0038845305376040695,0.008867595821029806,0.018225527271483744,-0.030833655640708724,0.05383238766761056,0.03180566702411691,0.024704304237989083,0.0066610277725995815,-0.00896822263291086,0.0055442249360886375
2025-06-13 00:24:13.054545,-0.030266665473268062,0.0046084669652586285,-0.009699225658032051,0.008674576745036022,-0.013659844921973252,0.0003203391007966516,-0.005987781618258969,0.0023319790984404065,0.013068435819217239,0.0044948354595428786
2025-06-14 00:24:13.054545,-0.0203217260726829,-0.007915518466957594,0.015216413817141783,0.004480483917011169,0.034768903523068495,0.010960816186449174,-0.008090311986399645,-0.006787981987283698,0.0003594907526234259,0.014404563739203624
2025-06-15 00:24:13.054545,0.0036955111482055436,-0.0021700175638996733,-0.019449965469336528,0.0056879131596059285,-0.0004192519881180967,0.0014277784094958168,0.007426821196798716,-0.002697315998933525,0.000251687127803768,0.006833698482957118
2025-06-16 00:24:13.054545,0.012224993584525334,-0.006118065029298347,0.009821057798369504,-0.023572724575704695,-0.004643598077110567,-0.0008490671249896664,-0.013830324709756758,-0.007204277019250749,-0.003360833754736614,-0.014871847666094173
2025-06-17 00:24:13.054545,0.0032940348490073657,-0.0074535420772307015,0.025903070930158645,-0.01987449272387387,0.028626322676277294,0.011976100681746926,0.0050074742625798585,0.010484772094824901,0.0021168398083639683,0.010880413163536495
2025-06-18 00:24:13.054545,-0.0012260511592324663,0.012488664039448816,-0.043119520701791925,0.020458273715962205,0.021339890207933365,-0.003260290107249819,0.011734380568513947,0.0005188364689414637,0.009712877780720719,-0.009781727796466244
2025-06-19 00:24:13.054545,-0.004146699389117714,0.005662055281279166,-0.013579720636757275,-0.00019196658855591409,-0.04885803511221831,0.00376565189932232,0.01841151212793357,0.018282023708227513,-0.009475189593203592,-0.0035922888743329384
2025-06-20 00:24:13.054545,-0.022689294609836153,-0.0088885386529578,0.010654786056635501,0.013434708152448849,0.04730030039040156,0.004449836789728767,-0.0008161755366441481,-0.0002557304956835038,-0.007105196702017591,0.0027995588205169675
2025-06-21 00:24:13.054545,-0.010741242607872348,0.01318156811831983,-0.003105193499335357,0.0010907225610869986,0.0442624425748952,-0.008020323144297459,-0.002316034628384922,-0.006376354440826737,-0.0030867865950298112,0.020392215406520364
2025-06-22 00:24:13.054545,-0.006659140667821695,0.004973056767969997,0.007022588349979486,0.0011178937347204876,-0.01890972227387233,0.012895384191672354,-0.012085851350810417,-0.013985796249799454,-0.014903598972726972,0.03162281052770277
2025-06-23 00:24:13.054545,0.017243348309370354,0.011979495801410556,-0.01017710685458939,0.01828745276849597,0.01326029028788911,-0.001807460344414702,-0.011345449593239798,-0.01672060811999232,-0.008932368099106247,0.006392971412683135
2025-06-24 00:24:13.054545,0.006006717500782965,0.009440121273351476,0.0020034907677319858,-0.009196773131937896,0.016354139044401306,-0.009124668634407529,-0.002646450074381579,-0.014651217354365809,-0.005042694288016181,-0.0015686705809349055
2025-06-25 00:24:13.054545,-0.027170034538752774,-0.010774505241497034,-0.002269697854752839,0.0023720674956424492,0.009004102670897796,0.007156214073137157,0.005957546525366508,0.002841569914367126,0.0102717842339346,0.005665088331068713
2025-06-26 00:24:13.054545,0.005699080874531415,-0.007049093779467275,0.021073929947351466,-0.008180626238473931,-0.016539332328636247,-0.010922807178284977,0.013871517687391366,0.005124459950253124,0.003334308487607407,0.009224503517889282
2025-06-27 00:24:13.054545,-0.005469237787376402,0.011070801614550208,0.0049637523410328566,-0.0076556513257420855,-0.020360496899964886,0.000751874606619074,-0.011002048536742692,-0.014623387443056357,0.0025522461220408577,-0.0029542480916846525
2025-06-28 00:24:13.054545,-0.010065281367845014,0.009173222490504562,0.006430941714886229,-0.005287248380242859,-1.1226787642759639e-05,0.0002819368381254961,0.022261945154378404,0.008774777435031522,0.010005418852806036,0.018371807486513347
2025-06-29 00:24:13.054545,0.010228234185403862,0.00042461684953631895,-0.006788636344581822,0.004753489252209864,0.03773114293923352,0.014077823572911763,-0.003293291109635388,-0.00424703757831002,-0.0012005068111186068,0.0025966730645141656
2025-06-30 00:24:13.054545,0.016831954394944226,0.0023402904096869737,-0.008124374901296583,-0.008491942968990918,0.01791544629023578,0.006377460977788241,0.00032533763924580406,0.0017045239028741221,0.00478459809410281,0.005294556560775376
2025-07-01 00:24:13.054545,0.015261521405476541,0.018421056811651404,-0.007153418807379408,0.02428711566708075,-0.010879603432731866,8.151535438760682e-05,-0.010191158992271632,0.015551513320789523,-0.0008132818063637526,0.006989663350893238
2025-07-02 00:24:13.054545,-0.012621195609134883,-0.007484123120765518,0.0074336722951879874,-0.016350933321124472,0.025099875501325863,0.010699712340890066,-0.03448901924124892,0.008791795302337091,0.0033660690735624055,0.004526971407341485
2025-07-03 00:24:13.054545,-0.004274399100034243,0.008296342737436735,-0.006949277804263354,-0.0029759865697353005,-0.0889270084105801,0.017911794184751306,0.013443534475074514,-0.002219915803103545,-0.006250719210328937,0.008733503221673544
2025-07-04 00:24:13.054545,0.005812146773474636,-0.0020878410609098674,0.005587338526505503,-0.007754580329763838,0.03697636933966897,0.007424574679471885,0.011310785219680541,-0.008103514678264756,-0.027296444402671427,-0.005943549565328166
2025-07-05 00:24:13.054545,0.015958629756468223,-0.002302492198646644,0.03708281970286165,0.027900867231343884,-0.05400218267157886,0.0005272561469376047,-0.003441132536730507,-0.020015284036953962,-0.0011654397260132399,-0.005349374974497834
2025-07-06 00:24:13.054545,-0.006951046833378216,0.015941901554208604,0.0158413859842248,0.004270091681637833,-0.010622165824216045,-0.016130757610995916,0.001605524894996213,-0.00647789981554725,0.01648959034171904,-0.010810734619395967
2025-07-07 00:24:13.054545,-0.002328615957852387,0.012153481077429307,-0.0052743241082827685,0.020055584434941043,-0.03447263601190487,-0.01302234541514835,0.008110177258352946,-0.0016775329189102628,0.010859438349181127,0.004707533804931829
2025-07-08 00:24:13.054545,-0.016827900047339583,0.011988469545779035,0.021663612539085886,-0.02751889662036,-0.03998498268015427,-0.003448644420868341,-0.022004240850196144,-0.009010509426169544,0.011303721402381006,0.008128719779313842
2025-07-09 00:24:13.054545,-0.01824324549979517,0.01880652139121497,-0.006721582545042515,0.00560233120586795,0.037356257872527054,-0.0072823065459021175,-0.007030332159926322,-0.0009228014424355058,0.014373547762282834,0.00489169458079175
2025-07-10 00:24:13.054545,0.013391317023055294,0.0010053715985285372,-0.03547294726420769,0.01736799729758509,-0.013937552379651885,-0.00195879160319945,0.012142734159006352,0.0010436423535171713,0.0013624254465229857,0.017155075114528184
2025-07-11 00:24:13.054545,0.02195401091493765,0.010165265546080215,-0.017304780715649448,0.0021105767877347414,0.011707497214817675,0.0011105473638168828,-0.01753802493019918,-0.0018072289992163704,0.0025944926781227284,0.00022137520957321577
2025-07-12 00:24:13.054545,-0.0005388147236969898,-0.0035856073611457706,-0.03252147737569755,0.020691241978717967,-0.0006842085287959154,0.007070326822067097,0.004888175284867069,-0.005824486755429126,-0.006646371337686974,0.007018060109386992
2025-07-13 00:24:13.054545,0.016399395716037324,0.005206809082425101,-0.005723924598870722,-0.00922027726624175,0.015819024532423454,-0.0004913757197378965,-0.019020102228751168,0.001911097172721421,-0.0032267864566808413,-0.010725532791121095
2025-07-14 00:24:13.054545,0.0062904701630830395,-0.001089327487577063,0.0008010601487800084,0.027189718681387864,0.003213312924497558,0.0065261699777219295,0.007392855864324588,0.004493406935356825,0.0073393314006688914,-0.0036238204901626325
2025-07-15 00:24:13.054545,-0.00956444307464388,0.0020585234366772287,0.03004576525532343,0.04400064644533819,-0.039616805863880056,0.0012091266707014992,0.00011852409542356668,-0.009985842499425468,0.01400790926289841,0.007288139431014251
2025-07-16 00:24:13.054545,0.006286683911231439,0.008962386801775857,0.0062426473279200145,-0.006301448708644575,0.03217310607606061,-0.024491713926484082,-0.022766139781247197,0.013649518151521711,-0.0012240292858832769,0.008835922626259318
2025-07-17 00:24:13.054545,0.0248170372749561,-0.01062518709497906,-0.0033883795994827937,-0.007863650730720706,-0.01475821976879943,-0.011437688173295268,0.01751040765977363,-0.0006141099691344687,-0.0047475235901764945,-0.0026851305543827975
2025-07-18 00:24:13.054545,3.1031012229787436e-05,0.029712047693760235,0.015105529834993803,0.028021940454234784,-0.04823407062490226,-0.001418507172024852,-0.010008310896136519,0.0004955725125295185,0.00036312934787297024,-0.0004438748487924915
2025-07-19 00:24:13.054545,0.025236059545945322,-0.013227804698391687,-0.03852457047546831,0.03040666323761365,-0.012690709306494297,-0.014843895802507001,-0.01110453372056841,0.007009457599052693,0.0071741866180004,-0.015020951575788977
2025-07-20 00:24:13.054545,-0.04066186930833626,-0.016112786788472055,0.0046320406496680455,-0.009325570175473197,0.048063141075362026,0.007955216939362408,0.0035408951540296663,0.002521145621216858,-0.01601463188330965,-0.003320738321736294
2025-07-21 00:24:13.054545,0.013538985884035792,0.016764193800538285,0.014072974458727128,-0.007385228888897477,0.027573118518560147,0.019682473118666,0.017277111535716427,0.00932375495603055,-0.02567910185944744,0.009251996529138884
2025-07-22 00:24:13.054545,0.001966100564972928,0.011685699388193749,-0.025603619512436726,-0.004769673003948038,-0.010187859226766571,0.015751781430176193,-0.014082954106868106,0.0030305286621783445,-0.0058853582485645095,0.006075299398710543
2025-07-23 00:24:13.054545,-0.004113685056625238,0.009363773364999162,0.020650115538524805,-0.02485217088894731,-0.010206932886109854,-0.0022923020107983305,0.0015285776594051725,-0.005469528921467792,-0.013484435005550965,0.005324013925394722
2025-07-24 00:24:13.054545,0.0020403344929946776,0.009422335954434535,0.006446705902317218,-0.016805334386034487,-0.009336901092572014,0.019178209354011155,0.006847887733249625,0.0037333475523477766,-0.005404625403414243,0.0007794493896464694
2025-07-25 00:24:13.054545,-0.03070603012878892,0.0005445613959635942,-0.006848799808291672,-0.018420921231070753,0.06620506389194647,0.0022698593006593715,0.010677076965830645,-0.010489736512959591,-0.0013185284525465413,0.00034896772520931485
2025-07-26 00:24:13.054545,-0.0028642689598220583,-0.011720491060422722,0.011637413488647885,-0.013954454548061879,0.012823486787504113,-0.003850058650922361,0.003191318480783245,0.0013432531170567419,-0.004782211024616734,-0.00637763372883382
2025-07-27 00:24:13.054545,0.00621923246592182,0.0017648381435633187,0.04052744784659712,-9.992720357099305e-05,0.014338689506366853,-0.007331321752098163,-0.004682812909934997,3.4664199093370485e-06,0.01682657664402032,0.007321306192863641
2025-07-28 00:24:13.054545,0.02386988158624659,-0.00867029349828341,0.0036840096945867096,0.004981797953263811,0.03324452935642341,-0.0034139344583330455,-0.011355734593657574,-0.0016490591396234322,0.004062080239985999,0.0045207862331717585
2025-07-29 00:24:13.054545,-0.007566750651685883,0.014228174973564212,0.004854390087106086,0.02985726063890648,0.008314802347965111,-0.004493742824985825,0.0018830281836665907,-0.0008971050018630189,0.0037642018466355065,0.005236861633569845
2025-07-30 00:24:13.054545,-0.012137339344297393,-0.001323738028105259,-0.007626174205212277,-0.018311562388667935,-0.0073654098840409965,0.0025438679862379576,-0.014898913536960712,-0.01746434175165046,0.0074123087161710455,-0.0050241550780447675
2025-07-31 00:24:13.054545,-0.007306692594640896,-0.010726030094111105,-0.014513655221891741,0.019157500386124626,-0.0053907881425862,0.002419867401042275,-0.041691469377235446,-0.004867502697073367,-0.012556010919080984,-0.02142587880668323
2025-08-01 00:24:13.054545,0.015011466387271133,-0.00373970339572427,0.015121937644495986,-0.0034884534813217627,-0.0014615768964520992,0.0004352016435607009,0.006960077660346675,0.0011947621707451006,0.012139563031042133,0.011336037684674505
2025-08-02 00:24:13.054545,0.005772581424976497,0.0064369777627737434,-0.014623708889006659,-0.0003792206920375518,-0.0003787394569048086,0.005901728899018632,0.013731705442343811,0.001827961241421594,-0.0005019434018560531,-0.004548450134683413
2025-08-03 00:24:13.054545,-0.007747700914681355,-0.007098202248221219,0.0017385002491983048,0.013308445242210754,0.02371182721087539,0.01539755845649271,-0.03360075235405857,-0.009393157009158881,0.007959678451897156,-0.008418184541734042
2025-08-04 00:24:13.054545,0.008678440381466812,-0.010680617897663502,-0.007948894963933362,-0.020661896305226857,0.002429792406496878,0.01236008301001923,-0.01399470215641152,0.01227727524386224,-0.011796575769671636,0.0072673882173666104
2025-08-05 00:24:13.054545,0.002124065794419705,0.004091473024875336,0.008924600489137235,0.007782420465057838,0.02386964418450299,-0.01831113054042932,0.00960562267052345,-0.007867122683520744,-0.017260825538279123,-0.0036733382451552554
2025-08-06 00:24:13.054545,0.01584996281939599,0.00410920328259845,0.006361436826293865,0.0037012066134789467,-0.001748682511669819,-0.031779556465186265,0.030445227953844745,0.009477969815012477,0.009631139864396676,0.010960932359630693
2025-08-07 00:24:13.054545,-0.010461058890255726,-0.006311286323622656,0.018776674928205228,0.00986200967973394,0.0032704264826342033,0.012168149825944719,0.0009361931408526925,0.004354067613894008,0.004625225702155955,0.006496613206452784
2025-08-08 00:24:13.054545,-0.004564955678257654,-0.00581369160055456,-0.008519653230038782,0.006020329260826074,-0.06214375493100377,-0.016824227500312094,-0.009912850539594786,-0.00578881379777163,-0.009871160353953967,0.007167508951344326
2025-08-09 00:24:13.054545,-0.005579884882312758,0.003930195564743055,-0.004283955949648921,0.046956366728600596,0.029655259683041946,-0.002434952492410436,-0.0020149997158818156,0.01709257146627774,-0.009503909589144155,-0.013489761703231684
2025-08-10 00:24:13.054545,-0.022452955909423644,-0.019354276902635914,-0.016787578752166077,-0.011496597297667499,0.011707011976697101,-0.014345213045033223,0.020555007548206605,-0.010961347584520609,0.013118373813070239,0.012493024971198308
2025-08-11 00:24:13.054545,0.005258694114740559,-0.018791328756980752,-0.007360406026099664,-0.009479343657782802,0.032228014562899476,-0.022305994151937014,-0.008724220602662314,0.009002650888528807,-0.013129520321212396,0.0029109356274092946
2025-08-12 00:24:13.054545,0.004706472194227818,-0.009242415306361718,0.007131145637115477,-0.011220693478485866,-0.09042981901627567,0.00721861455416084,-0.010944283147438116,0.009772074530997044,0.018983303370259996,-0.0034441859376768136
2025-08-13 00:24:13.054545,0.0006757674679516157,-0.002243813760157587,0.013828214642526593,-0.00994197527504892,0.0665712711885047,0.009961281400026278,-0.006359375568551817,-0.006019305030364519,-0.009854936383427937,0.001722997684300731
2025-08-14 00:24:13.054545,-0.003099161998131872,0.005023059567766275,-0.015789276960217924,-0.011489928928208104,-0.003603009226617826,-0.006866522929675045,-0.013177512591042495,0.01347502065052164,0.007595826889220447,-0.01762499058869771
2025-08-15 00:24:13.054545,-0.021694755931085385,0.02116080099909401,0.01581459716438438,0.023025855884521773,0.03569812865415711,-0.03224723908634708,0.0024122464529097165,-0.002045257160494418,-0.0033690404130839458,0.004396610965378578
2025-08-16 00:24:13.054545,-0.006029303060712143,0.012600330856129993,0.024387394757937164,0.027400562530498274,-0.031960307183447,-0.006485207770440038,0.024174298900574875,0.003045358703757328,0.007196645442587579,-0.010097311812109044
2025-08-17 00:24:13.054545,-0.004802008222747567,-0.001502253966069178,0.007768496724483542,-0.010230535551393971,0.020094214635382412,0.005333091877654628,0.005315899311054917,0.0027772704825592687,-0.005812530004838057,-0.01335585720206467
2025-08-18 00:24:13.054545,-0.012039441290954911,0.00045074584433790754,0.03357975702069749,-0.015174486221676053,-0.03238582072257001,-0.018235708993806554,-0.003021337938735047,-0.0009516379998009139,-0.0014887551914547492,-0.01506616055687826
2025-08-19 00:24:13.054545,-0.0019447731136685853,-0.013179465328373108,-0.013172168110582194,0.00946447217245261,-0.018853224748757835,0.002706943245170068,-0.003593027243242286,0.00797887835936928,0.0008211226940753047,0.011492622451819479
2025-08-20 00:24:13.054545,0.006958440977106184,0.0004577177656850395,-0.021477454944535457,-0.009880479040204837,0.061079971792600496,0.0002039394276747153,-0.02201358532358555,0.007815223970017326,-0.011006594750284093,-0.006064601075051468
2025-08-21 00:24:13.054545,0.03029987393475775,-0.003286146998144779,-0.030897485727513718,0.01251684260299224,-0.005212280299403571,0.007695212275673713,0.013429978626855021,-0.016204613827658587,0.008757301356416614,0.01573630006093074
2025-08-22 00:24:13.054545,0.003344580221325222,0.005186744569196655,0.026863931799745444,0.004390440187430622,0.007642142570838839,0.0019033964278221127,-0.0004928343458087125,0.012642317130564518,-0.005462151998635867,-0.005122593358759198
2025-08-23 00:24:13.054545,0.004651275499523599,-0.010750057565726001,0.012018115764286463,-0.028089315726532726,0.028198208402993252,-0.011862690917906038,-0.0019799875231922837,-0.0153916123860387,-0.0022349365388005804,-0.016930772907015057
2025-08-24 00:24:13.054545,-0.000577174876438824,0.007911751871644945,-0.000504230963385699,0.029800654950543404,0.016406162757632847,0.015472209298307948,0.0468987007020405,0.01007410486700211,-0.01091771926368601,-0.010975730796812133
2025-08-25 00:24:13.054545,-0.02962256820541931,0.02195605041645665,0.005414372877141194,0.034494453470584885,0.005531400978085577,-0.001600459487358541,0.004963443415119784,0.010963823149406027,-0.02869698987346836,0.012733588116300432
2025-08-26 00:24:13.054545,0.00017768380517169113,-0.0007929882662305321,-0.019375570340332993,-0.011025062167691724,0.012288841874156242,5.2820533937625314e-05,-0.01025750784080004,-0.009991203479215893,-0.0018089083714962761,-0.0012935281600070514
2025-08-27 00:24:13.054545,0.0015437747435544935,0.006281486890260091,0.04361520052025747,-0.00677131523374741,0.07649412621837981,-0.011361245680757692,-0.005542420291339556,-0.0035643698288251313,0.027713630349258667,-0.005248438730908189
2025-08-28 00:24:13.054545,0.03938765505105635,0.010278782418963406,0.0027554378870455754,0.00595790364340143,-0.0010211707277012483,-0.0051880060187060595,0.01727433492974395,-0.010130466740742805,0.009253719243027536,0.0018906098952795602
2025-08-29 00:24:13.054545,-0.0024341623498054243,-0.004846107373665198,0.0024057332845206503,0.006876194774145805,0.007127675394840827,-0.01075064098731826,0.0022760546242677204,-0.0017133525313317577,0.0001387506788548265,0.005335272376196354
2025-08-30 00:24:13.054545,0.00534416235909041,0.0038199155966884835,0.013277510454236419,0.013000872504257188,0.033886153718804435,-0.0017820901497738184,-0.02020376852617356,-0.0025931900798156216,-0.0026237589544770845,0.011540099233610102
2025-08-31 00:24:13.054545,4.857910591060666e-05,0.0008887999855509143,0.008960395846201008,0.03854485051233447,0.03561444468102559,0.021962325184906373,0.013953296028463402,0.007684559872592089,0.0006118821372644856,0.014877277726597748
2025-09-01 00:24:13.054545,-0.01780971101335882,0.002067949201784547,0.0044251334812766,-0.0027884327239559026,0.038181591117576685,-0.016887504353468086,-0.009045577240503477,0.01269871418512225,0.006560890498356953,-0.0033483493318465785
2025-09-02 00:24:13.054545,0.018593005713200217,-0.00999862292386422,-0.013466468369526252,-0.014530844311279267,0.020911761774011328,-0.019932137383725124,0.027776454228055192,0.013505432718278643,-0.013032015946679576,-0.013087526618358325
2025-09-03 00:24:13.054545,0.012437070280141738,0.0010539648011811398,0.00879211063631069,-0.025511127700844738,-0.03520761999694366,0.018931829314756454,0.01628334622424865,-0.004994528230247375,0.012992363219791025,-0.00388955933506574
2025-09-04 00:24:13.054545,0.013052820303470991,0.007615893310322086,0.033671982336220374,-0.013257723812107436,0.05224190815222074,-0.002240405047276517,-0.0058461644398083434,-0.0016595005638360139,0.008468804513884765,0.00290115869791574
2025-09-05 00:24:13.054545,-0.013726268159457544,0.02082524577692091,0.024207169483171143,-7.048538667620008e-05,-0.0353128352362545,-0.008032698772255653,0.01919510314129802,-0.015589535411699496,0.008500603537341389,-0.009435999146305774
2025-09-06 00:24:13.054545,0.022687171948292395,0.014008529763614552,0.028577361184202177,0.03446951141400856,0.0103257719713985,0.013498392968541495,0.0016180545722157547,-0.0072972960574682055,0.005328990403539402,-0.00936939665258496
2025-09-07 00:24:13.054545,-0.021481840995833168,0.030554589718641445,-0.008540806498173237,-0.00922637853763586,-0.022963805386028713,-0.007233213213935996,0.012990449822279482,0.009434451293354629,0.0005795748477681606,0.0037428339238301245
2025-09-08 00:24:13.054545,0.009837368603152541,-0.009920151917183762,-0.016978797861376016,0.004784750315906194,-0.0012265172371579425,0.023402385366508627,0.0076580390154150635,0.015583283080089494,0.007986672130958938,-0.00021259183347510646
2025-09-09 00:24:13.054545,0.03509167168937832,0.012803513405236444,-0.0017424822489323644,0.000245191992584326,0.011148693389950726,0.008937888553494311,-0.01162763466986938,-0.011346040204280317,0.007067684372511929,0.0006083404200984965
2025-09-10 00:24:13.054545,-0.015004242743283602,0.0032551670821951983,0.001459085541168914,0.02301407742188144,0.010915451675765464,-0.005750280545007258,-0.008689240005449461,-0.005280800719727807,-0.00365730146489629,-0.007367136607818736
2025-09-11 00:24:13.054545,-0.008323112860413207,0.031062101808033926,0.019775914773192182,0.04831008968931805,0.014082905420833791,0.02757635412833781,0.015557650211013963,6.794936712561928e-05,-0.006146889897161056,-0.0020444431429084142
2025-09-12 00:24:13.054545,0.0021645995823214026,-0.010487675585859946,-0.029376079610465622,-0.009476921244138792,0.051620778243550935,-0.007234465325400508,-0.004215518007497976,0.0029647344362329076,0.001512084685983961,-0.009037616710516394
2025-09-13 00:24:13.054545,-0.0073337581664704166,-0.010923165149368086,0.02745492222987167,-0.008693980492510911,0.015078638565595659,0.009746348270294858,-0.005213395881538685,-0.007332573876379644,0.017921380414359422,0.009250134400029308
2025-09-14 00:24:13.054545,-0.023825415510494774,-0.007592515548945689,-0.002310806889302297,0.020288341337468818,-0.0068965603721272695,0.0041675574777890745,-0.013203504788994014,0.004324460547325604,-0.013693010728403232,0.010712110290631571
2025-09-15 00:24:13.054545,0.001675003455259061,-0.028720142318442332,-0.0070532838603564185,0.013442093431859758,0.03115954233507301,0.01679722407822437,0.006772294209366203,-0.004159900660207105,-0.016283029553792572,-0.018330046820271617
2025-09-16 00:24:13.054545,-0.016134472877021633,-0.006571994008103488,-0.017375652709001543,0.03545504361426044,0.03825844966918668,0.02007001728245439,0.030518097828109214,0.00018089919380304131,0.0022253551930584425,-0.009090811086994943
2025-09-17 00:24:13.054545,0.00805361782299574,-0.009806304085882789,-0.02871273758522852,0.01159076099765377,-0.03787236094887114,0.0008000397746836807,-0.014832177453730666,0.005479361265209315,0.000934155159582728,-0.014805819322035951
2025-09-18 00:24:13.054545,-0.013884332578265712,0.002798547683428243,0.014995554821170654,-0.006234426731980047,0.01960998434169059,-0.009095347547212196,0.000985827578406262,0.00037814506307576323,0.002322652581872031,-0.006273847657195297
2025-09-19 00:24:13.054545,0.02500441061987657,0.005450578347972579,0.001769397861612454,0.011717882646204103,0.0228785162966485,0.0061919296836556725,0.021096073224935674,-0.003805998761078122,0.003123312113734844,-0.0005631979097094897
2025-09-20 00:24:13.054545,-0.011739841816037266,0.026715569540001205,-0.022276581135222573,0.021508083783478682,-0.008578718600869117,-0.008141585689128372,-0.0005189746631691916,-0.0007182549769764179,-0.00217373281928257,-0.01433327266258766
2025-09-21 00:24:13.054545,-0.004476754040146469,0.013885922035916876,-0.022366851917937747,0.016061211317041746,0.04412434251936159,0.025763120395988715,0.007189171891915036,-0.0005174911652792158,0.017250606339951347,-0.009013695781056708
2025-09-22 00:24:13.054545,0.013406930026365504,-0.007280847445997218,-0.005446494913024735,0.01014213364749228,-0.0039326559459191834,0.002117008878819604,-0.014757714748199868,-0.0031788152804647085,-0.0177954019997546,-0.009841161397222575
2025-09-23 00:24:13.054545,-0.018789052850879395,-0.011736571305045462,0.029914963067720013,0.020713812401697895,0.004748937298545641,-0.004205793523861079,0.006840507175738253,-0.0021279326186105507,-0.00903713038368048,0.002366836095865743
2025-09-24 00:24:13.054545,0.004177395358294866,0.007531644629743983,-0.004102570578551457,0.022653165137296094,-0.004657599277865687,0.0027235785462058626,-0.002076544899213162,0.015423256200647995,-0.0008136560730198639,0.000976702999220036
2025-09-25 00:24:13.054545,0.021180801523162485,-0.01758242672487842,-0.026036759116674357,0.026675905288678692,0.0012843446694104088,-0.016575370539806844,0.014916805838204095,0.005617650906003746,-0.018274866934733458,-0.00699665299550456
2025-09-26 00:24:13.054545,-0.024720243305682787,0.02609591844767567,-0.0038583097504123476,0.012815020095490182,-0.03373576883064,-0.011844360870976178,0.0178385274590509,-0.0024745662497520637,-0.0016368586617827585,0.0020599646512498015
2025-09-27 00:24:13.054545,0.003502948055230659,0.017059789382345647,-0.00433420113859706,-0.002602679302308064,-0.04456368861853477,0.01552061906713087,0.03815417116396502,0.006903060422769336,0.01919644372544127,-0.005232239557573348
2025-09-28 00:24:13.054545,0.004688007402416039,-0.005787877649253037,-0.04709241866617786,0.0033281836143561616,0.05101583962134848,-0.007879264602314695,0.009033015930926869,-0.002836837370685741,0.0005939733733968389,-0.0024602483719461388
2025-09-29 00:24:13.054545,0.012907791000149382,-0.02302752723337831,-0.0004814809523000507,0.023356431840917402,-0.025883124179375994,-0.012793013198406311,0.005355265570624823,0.011402446202949612,0.002973045244724304,0.017144589442201097
2025-09-30 00:24:13.054545,-0.018884904553737925,0.019477193189802344,-0.00359711176427413,-0.014883077462800931,-0.030432273115318487,0.0071580145567562425,0.003451284439020208,0.0038102507268635843,-0.013931782484054689,0.013788355245226702
2025-10-01 00:24:13.054545,-0.02019999890042623,-0.0008730873348612445,0.012756116492701253,0.007522826200591304,-0.06703176249564147,0.015335293595560406,-0.004481977982040641,-0.0006964496403225606,-0.0066317385860430456,-0.012820769884836047
2025-10-02 00:24:13.054545,0.008815045128154786,0.017868807348985882,0.03308871055820717,-0.006877849290213622,-0.01933175255955899,0.009454785702950774,0.005539090556372583,0.004547987615490134,-0.003897184207780291,0.00864069447277438
2025-10-03 00:24:13.054545,0.005272307074837945,-0.021382404645324482,0.02034692983569375,0.001098781648170677,-0.04087976058211196,0.012945846685413986,-0.0036450435002722825,-0.014525924107023025,-0.003245407716233384,0.008455886340975605
2025-10-04 00:24:13.054545,0.004540129685802974,-0.007592271324186717,-0.004266560227582095,0.02471602478145729,0.05251226701649281,-0.009137896497412146,0.0030756907594580163,-0.010329491497300558,0.014889617504067143,-0.01129562832380171
2025-10-05 00:24:13.054545,0.00605128455055115,0.0007869565616411833,-0.019041092015677608,0.004166988482390499,0.03259989946107589,-0.017516305248973962,0.01972511453198611,-0.010964070578943774,0.006680765093210805,0.008530280728005657
2025-10-06 00:24:13.054545,-0.01011414463495619,0.001365375544297276,0.045865990964785386,0.0014331238281659608,-0.020881047753533832,0.019311851482571196,-0.013948510357891575,0.0016681456045271048,-0.012245605771825652,0.01577867449956094
2025-10-07 00:24:13.054545,0.004252890022400813,-0.005523035439782165,0.0015207054724106772,-0.02514330992913627,0.07173871013982369,-0.0036685584444635655,0.017150208621567353,0.01668818828648444,0.003152244317372155,-0.011036410385459883
2025-10-08 00:24:13.054545,0.005210695717065006,0.00934617441721608,0.0007218800917963009,0.014658422346292221,0.03171635703610298,-0.0027633735657661695,0.01971812422383956,0.021401264914488127,0.006006446475512517,-0.00896978142833249
2025-10-09 00:24:13.054545,-0.010654739290500759,-0.014081542694448612,5.0663937184891594e-05,0.012754059973594467,-0.009437576096740452,0.01713049869275607,-0.0010757315274338985,0.006346476525185718,0.013285217772042834,0.01053484124490578
2025-10-10 00:24:13.054545,0.029978424756024635,-0.0012589084765721736,0.003970077246213677,0.04143722712949893,-0.07793022952788597,0.0074046648093266665,-0.03010786716546965,0.005049995768259485,0.01827878968719654,0.0030141932999294685
2025-10-11 00:24:13.054545,0.00805740518885667,0.0023814264659467455,-0.0020700878512335263,-0.005260906363330542,0.07295155930562269,0.006140471447697804,-0.008171592184776033,-0.016700935616245638,-0.01115294338092554,0.005836136171057715
2025-10-12 00:24:13.054545,-0.018166028509522203,0.00784373781733727,-0.009642256235885105,0.004697107460820638,-0.042973767965385545,0.027673291075301476,0.019426605279248443,-0.004810325100849333,-0.008837117100162772,0.0037105944094961707
2025-10-13 00:24:13.054545,0.010934985540637765,0.010576340934973505,-0.009169494595503869,0.005268464185097299,-0.051031538396649534,-0.00771074223042334,0.00030359355549158806,-0.00712639644842028,-0.013902449724239263,0.004215622520723494
2025-10-14 00:24:13.054545,-0.014754555398062696,-0.014871788656449225,-0.00010152290791376473,0.030366620434679525,0.03300159199776265,0.012086512231726632,-0.0138436077933205,-0.005548998064840438,-0.0022963929244891323,-0.013091804593916123
2025-10-15 00:24:13.054545,0.01299065548970435,-0.020546538268577108,-0.009108921528423797,-0.0012453607283828827,0.07763862850490222,0.0011151232537032207,-0.00667858053687409,-0.0012713494270685244,0.005645149774074376,0.01083374804594861
2025-10-16 00:24:13.054545,0.01884140340566942,0.018421222092001477,-0.012097227284509349,0.005828566752856368,0.044394146322761285,0.0037807700346552675,0.012814360005474423,-0.004143376342837457,0.011552463964535464,0.012066136847773246
2025-10-17 00:24:13.054545,-0.012329293569919964,0.005319725029372169,0.002353443239208719,0.012043719752513615,0.018555118575791285,0.019653717506833868,0.008556345459218795,-0.01838516492643838,-0.0005040608016240178,-0.0020342636007520953
2025-10-18 00:24:13.054545,0.015766986053550536,-0.009658762661664766,-0.00402118490569503,0.004082136500180855,0.01952665173677337,0.006794954530200403,-0.0028268800880729694,0.007384547962751897,-0.0032695871599667248,-0.00016042868687404788
2025-10-19 00:24:13.054545,0.007095926658480245,0.02221123147709081,0.02700413328535456,-0.00788124673730417,0.027673714288007023,0.007178718524856409,-0.004679865525853755,-0.009819008492491288,0.0020779167440998503,-0.015154335297527632
2025-10-20 00:24:13.054545,0.013541468726663064,0.0023173854612903444,-0.04628252183146586,0.00422351164966428,0.02469765450118344,0.01390914774831975,-0.005041121421845429,0.002578130690282343,-0.009112487543916914,0.005460978520464899
2025-10-21 00:24:13.054545,0.030466919765921308,0.017057808466470537,0.019728561706256142,0.020845288482641777,0.009650348158259048,-0.004201146806339762,-0.01272954673756832,0.01991569939870086,0.024050284910475117,0.00604357483080431
2025-10-22 00:24:13.054545,-0.003269261485918218,0.0016500039132527622,0.022455067354515634,-0.018843760153335,0.004075677072163275,-0.010176222591842476,0.02403951444690633,-0.008369907498833817,-0.017872019729621713,-0.0003490487546501386
2025-10-23 00:24:13.054545,-0.011274990744319036,0.029273567506824527,-0.03609497569542541,0.003068446196312191,-0.0011778474230610403,-0.01276653315028653,-0.0040350640060254905,-0.023591509434955693,0.0024519041235151473,0.011610194448167244
2025-10-24 00:24:13.054545,-0.013413297430908466,0.025041023184691813,-0.005568250532633878,-0.01267548418750819,-0.022954001581233507,-0.02437693900489868,0.01826988999246648,-0.0023850255575729173,0.02330268060402263,-0.003089404210267932
2025-10-25 00:24:13.054545,-0.012252566256114816,-0.0027360330689106815,-0.006075410578418428,0.023139814021707172,-0.008046783165913785,0.026302600205682314,0.02267671839565888,0.010720551023627012,0.0004342458471127131,0.005968470610798082
2025-10-26 00:24:13.054545,-0.0006189996950457521,0.01417899347146534,-0.024349982268065617,-0.02822997123250237,-0.05252947671507746,-0.013502293555486822,0.01509908598143861,0.018822104405046503,-0.001797697254322661,-0.00999947274009072
2025-10-27 00:24:13.054545,0.005967876694306096,0.009658355672470975,-0.01324320633021936,-0.010007074517311976,-0.0023037563077993317,-0.002390708244507156,-0.005618669886480632,-0.011300691295187737,-0.0036959072687202665,4.039440995340371e-05
2025-10-28 00:24:13.054545,0.004952708601707823,0.01968173624512448,-0.01911252618499526,0.0076841899341346664,-0.030344042276007843,-0.003090694370323277,0.00648441981681569,0.005010826821327363,-0.0016883065508344064,-0.0014795479610264506
2025-10-29 00:24:13.054545,0.013622149795403216,-0.01265829648570227,0.031383335963042436,0.03014117879019751,-0.03396614543135523,0.004269785748056254,0.00028435924953784664,-0.004079310222103616,0.015923781364721945,0.0025486681782846965
2025-10-30 00:24:13.054545,0.000799998645727884,0.01022206526058822,0.016980006045555163,-0.0006870075832779987,0.006459783963498111,0.010674148251873072,-0.012458488604431772,-0.0006836575300585013,-0.02472301379340236,-0.0034467035800679335
2025-10-31 00:24:13.054545,0.02348624815664313,0.01538267033866525,0.022904314207334853,-0.009936729270522915,0.044637601675807215,0.011237772349035557,0.0053344448925469745,0.025304156307728976,0.017744646681294496,-0.0010473414312408558
2025-11-01 00:24:13.054545,-0.003572715259056669,-0.02365955253441676,0.013205289206864368,0.036106082575490195,0.02971790513059136,-0.0069492598295838315,-0.016447760242446763,-0.013884274385549178,-0.015789013584263323,0.008603550680035266
2025-11-02 00:24:13.054545,0.04343387582632108,-0.015684135892072293,-0.019438410883528046,-0.026809334983487476,-0.048672468623774834,-0.0017087102858307501,0.01784277751119956,0.0027150747534188113,-0.002666410355730231,-0.0041243919490761005
2025-11-03 00:24:13.054545,0.01044857265261645,-0.027546815850768014,-0.008775477405073895,-0.0409979711766173,-0.030376705632508383,0.003956998132468081,-0.006096751255513122,0.004736745397368791,-0.004510031376167234,-0.01591499734833912
2025-11-04 00:24:13.054545,-0.012903724575460074,-0.00301934206659793,0.00910794638932666,0.00887104704209829,0.030425157984503404,-0.0027363882848424614,0.0035494500956239072,0.010577176720118375,0.007030709650545308,0.017911926000135914
2025-11-05 00:24:13.054545,-0.01626973351639538,0.01065848666865743,-0.02108011787490527,-0.008932377460918905,-0.03015179336775886,0.020647476182962476,0.0047393760929430595,0.0012433140915955043,-0.01776388399674589,0.014201526120143138
2025-11-06 00:24:13.054545,0.008193464435608089,0.0215349974014154,0.013052300685627793,-0.018743930621771265,-0.006281628386268223,0.0065825283587148675,-0.003116259839658131,0.0032282643130572275,0.005597688302390713,-0.012747005916757703
2025-11-07 00:24:13.054545,-0.0029239699836310917,0.0017411428508691262,-0.003762751105536255,0.013942234120865038,0.0181186634382704,0.009655415234508968,0.00913531481879537,-0.0033832707922996086,0.023310656456336565,0.007229379034840555
2025-11-08 00:24:13.054545,0.011839688948481752,0.023284775649556888,-0.006135027143733818,0.005162955970545724,-0.029706332670844326,0.008748344376144246,-0.006245786593456537,0.0028604708804675916,-0.015099797470831233,-0.0047917313979122245
2025-11-09 00:24:13.054545,0.00804803015274147,-0.018412122698674427,0.013016345596116086,-0.010104528564553128,0.004112667264362324,0.015181206334643482,0.013258831883185884,-0.0029254018712701058,0.0025082086071668286,0.002933479284105145
2025-11-10 00:24:13.054545,-0.0005517094711032788,-0.022892375973262546,0.008312258735004407,-0.023639923311196465,-0.04122420280365191,0.002677482664783959,-0.018866491885226933,0.00619076261213003,-0.007149029492029113,0.0032432782542892724
2025-11-11 00:24:13.054545,-0.012740509462980554,-5.5533032859877984e-05,-0.005890654233581483,0.017043449270877753,-0.018147649592251014,-0.01594172139619665,0.002465988630245386,-0.0031750290795772296,0.00518624986064653,-0.002084830774643942
2025-11-12 00:24:13.054545,-0.023261363278423652,0.006036932531297001,0.020924846124238616,0.012843202834411649,0.010865834978322164,0.005432420265236271,0.028727361265956652,0.0038807241087805977,0.0005742582451502276,-0.007621837602384551
2025-11-13 00:24:13.054545,-0.006436711427626474,0.0002611790957220972,-0.018591974299417946,-0.0013186920988749185,-0.04938093562312407,-0.007809500106606526,-0.013858517939414172,4.095271863002736e-05,-0.0069166349884347555,-0.006682221820354273
2025-11-14 00:24:13.054545,0.01408225138616337,-0.02793776862573194,0.011340273406884815,0.035453714508080436,0.014667300977574182,-0.006263118787888988,-0.009184680988810756,0.010957635057835535,0.00588909458855591,-0.008956568742493731
2025-11-15 00:24:13.054545,0.003966897644185785,-0.0005208019405780195,0.010937513348616479,-0.019667145683427756,0.00017511826678551223,0.0077843176415033355,0.008080745501833464,-0.00016816472384217906,0.020816527330365098,-0.008106202024120712
2025-11-16 00:24:13.054545,-0.019023303613221798,-0.017363962287261447,-0.004983695508145258,-0.02827416030898844,0.018195448665664804,0.01599772568118074,0.0032368160885467567,-0.01643612174439124,-0.0018075026739272637,-0.00039931574211993226
2025-11-17 00:24:13.054545,0.0033225813191795073,0.009995074887886313,0.006228636284047351,-0.01252027789461918,0.00784628310040647,0.0006648220731961807,0.005715073261489678,0.012241497692369707,0.00851843079609016,-0.0069364048111645316
2025-11-18 00:24:13.054545,0.00666341644400914,0.005794859853662793,-0.021591378757223723,-0.0003059391768642783,0.04376003568745457,0.004287755625319356,0.007722575942471721,-0.008240905477114202,-0.01430719410222292,0.007152216433295777
2025-11-19 00:24:13.054545,-0.01332420815847235,-0.012311223783859848,0.0167744951263622,0.005154238891835972,0.0047378518895806465,0.02184271788007508,0.009831170307536663,-0.00586005092400399,-0.010487826276783463,0.01526781002675226
2025-11-20 00:24:13.054545,0.003016180955945913,-0.006407240368009104,-0.0027851766565607505,-0.004003377418368981,-0.012731352461236467,0.0034300303505152563,0.016712960080184525,-0.005311009859918281,0.005713726553101983,-0.005568609360668275
2025-11-21 00:24:13.054545,0.0015119392449041147,-0.013965033907897828,-0.008743776969555528,0.007208777176234582,0.004645660067312596,0.033174951636431915,0.0065726348549084435,0.013304679556688237,0.017185436835447154,0.0026907483346014782
2025-11-22 00:24:13.054545,-0.017404852166626572,-0.00015436492459774964,0.0189789740400359,-0.023096316390165073,0.017905930229624945,0.007521577236584198,-0.0028605742194275363,-0.019862764152685952,0.004389419216207502,0.005314130294743258
2025-11-23 00:24:13.054545,0.006229859391213122,0.013951314054244657,-0.011947264475100083,0.027840141941951835,0.0023325983546382822,-0.021786700215127963,0.010379597608760616,0.0299663970914672,-0.0031926015486969384,0.005035113500102106
2025-11-24 00:24:13.054545,0.009426764261092124,-0.012946593225652614,-0.024366731666726982,-0.0009969557868562129,0.0020721688915199543,0.009888037690715112,0.028161622483180215,0.010296259200121671,0.0003491081498707693,0.001043334919382577
2025-11-25 00:24:13.054545,0.017651691943935344,0.007699713819979914,-0.026980167368424568,0.021670462064636187,-0.021317009067910675,0.005198969666000863,-0.0012867617205105653,0.0024268697808098594,-0.01382114814935309,0.007763312947605794
2025-11-26 00:24:13.054545,0.017191060480796994,-0.006634394132914112,0.011165201298129812,0.007032455802083337,-0.02008576553630559,0.01664618273046159,-0.013484681809501686,-0.00020123923289738777,0.007211702359700034,0.005138390344689769
2025-11-27 00:24:13.054545,-0.021101015098130893,-0.01027389890005781,-0.022108460444427047,0.00918738004419195,-0.04338426273932716,0.00887811321923837,0.016675011835174613,0.0030156927029405534,0.01036185938473344,-0.012196686894709208
2025-11-28 00:24:13.054545,-0.014174118029194327,-0.0007690156509086998,0.031427850527081524,0.011323145046098881,0.055900138437638525,-0.0013475560372212536,-0.00110923848751443,0.005241604417852486,-0.0047690796749118025,0.009038047480168787
2025-11-29 00:24:13.054545,0.00870628115155836,-0.013632824309484315,-0.03624559259349158,0.009016452052988733,-0.03838435856136746,-0.015027882526015834,-0.0308441021977377,0.006414174540484208,-0.0049726341229584525,0.009220828810136084
2025-11-30 00:24:13.054545,0.008686606269241226,-0.006958572443054978,0.030398868213305397,0.01270187401677414,-0.021030811533872873,-0.0022366201127339558,0.012912906660382806,0.005567429047324435,0.003371918605794777,-0.0074154230254520614
2025-12-01 00:24:13.054545,0.008706476733958413,-0.01588674145377833,0.004198188746249443,0.025674177335574866,-0.021834051167754387,-0.010318725111800875,-0.007121255733236631,0.0011639181920215513,-0.004594793489416493,0.0006601552172995628
2025-12-02 00:24:13.054545,0.061270055908211773,0.02794281669487897,-0.001229668473997747,0.004269456572624231,0.028981119169893876,-0.006917082595672697,-0.0006767833312883997,-0.0015472124834381429,-0.00039273050793042774,0.007165086648704744
2025-12-03 00:24:13.054545,0.009585918554409378,0.0012029926083247933,-0.009135278779468847,0.013954467135480764,-0.00849639084967313,0.00781221627854034,0.005444863511483655,-0.0011119378559516502,0.024165750042392187,-0.0018319072225119193
2025-12-04 00:24:13.054545,0.018478715960164926,-0.008982998324630342,0.007516289795125308,-0.0011402896645138494,0.04009383203944816,0.02143564459558922,0.0033950015595052285,-0.0015242498192555853,-0.0024438653069230876,0.011092379974427136
2025-12-05 00:24:13.054545,0.015619353669762415,0.003679768534777139,-0.0001876232790233301,0.027771212775999254,-0.020419309945431507,0.005369219289534932,0.010913911285552524,0.011030580746859808,-0.003706052544359517,0.02410337302283949
2025-12-06 00:24:13.054545,0.010853686054513867,-0.0008424347295844514,0.01993660648182538,-0.012227057444210931,0.009581140918448305,-0.014669884980601067,-0.005674683799692715,0.005926044160909472,-0.006985291062407195,-0.007644216798688874
2025-12-07 00:24:13.054545,-0.004369785817533001,-0.0023480650877973908,0.002490976817573154,0.03459013063786287,-0.02551730827011034,0.005998292503236025,0.008069124868135269,-0.027466600701119837,0.008795486646913098,-0.013641843439109014
2025-12-08 00:24:13.054545,0.012547879822486507,0.009225836128749165,0.003127264359144233,-0.00020335837706542126,0.06835949742740688,0.015472965038034525,-0.0031255572549608868,0.006515140101145622,-0.0016977461166646224,0.003339981387863178
2025-12-09 00:24:13.054545,-0.011575615027300978,0.011212355803329022,-0.005937326105035612,-0.026483552317782988,-0.03661218342260597,-0.007285717072544995,0.011339278340643633,0.002157544397777933,-0.007006055289323743,0.007550444230930431
2025-12-10 00:24:13.054545,-0.003134304400397969,-0.006637769130919069,-0.0005282359146056015,0.00297650143915118,0.010552085916009313,-0.001291632195698722,0.009550757428997692,0.0001406791856919387,0.015339322324434024,-0.0020491365509101023
2025-12-11 00:24:13.054545,-0.007048519303641587,-0.007265805007774295,0.00590530336681816,-0.012315110984922106,0.020755746194228486,0.0005818792561680386,-0.012918312213690442,-0.003353693991942186,0.01645392790164224,0.01492526846463571
2025-12-12 00:24:13.054545,0.0018846345929979247,-0.0030975725104021024,-0.02968834463722614,0.01644222535466211,0.013827097276979838,-0.009491963845506768,0.016369322534026454,0.010939327112772457,-0.006451020441059829,-0.013214100506475313
2025-12-13 00:24:13.054545,0.037047684151448435,-0.031187343016776947,-0.02330356517777188,-0.011777878364955141,-0.005042361901584691,0.008564391148158323,-0.007130459773327935,0.009270743815424476,-0.020807430814857697,0.007261741036242331
2025-12-14 00:24:13.054545,-0.028811424591695722,-0.020284288634560443,0.01358613681770926,-0.007876518754468043,-0.003295316903051959,-0.001126978044840632,0.012342577663973175,-0.006985547193028463,0.011781274282006704,-0.005828725311157523
2025-12-15 00:24:13.054545,0.011402820228659571,0.019657382493652342,0.0034899735224747097,-0.03515340777450937,0.0021735824535127346,0.00568243736587859,0.00595641360927468,0.004163742897215883,-0.00740582968185044,0.017607478157067202
2025-12-16 00:24:13.054545,-0.024802649586754155,0.023511395395811707,-0.002768970546270455,-0.007992230424130442,-0.0038364770460836972,-0.010784525045934079,0.027267698748191904,-0.008863832822958773,0.00932199449519766,0.02036044485572397
2025-12-17 00:24:13.054545,-0.006836990194318826,-0.0027370293855928374,0.0008013344933628375,-0.0452514580608081,0.031152989328983027,-0.005114631134682912,-0.002602797118481548,-0.012718705997749713,-0.02198173467990472,-0.007449394307037838
2025-12-18 00:24:13.054545,0.017744598033398784,0.008704614166662017,0.006606955493941857,-0.02937739424327479,0.07041858090792164,0.009497975037594086,-0.004426204017472624,-0.005604460820488377,0.010478245334534897,-0.005261237509212813
2025-12-19 00:24:13.054545,0.0016075532428396766,0.005027807404275553,-0.009044275402731672,0.014926041794459222,-0.016765689933637473,-0.004300430798199084,0.0003535569925467996,0.008466312675353915,-0.013376255942082582,0.008941609316642785
2025-12-20 00:24:13.054545,-0.016377646780949218,0.043383562995906066,-0.013251814508082438,0.015405782698306947,-0.04235108764827211,0.02215452479473945,-0.0037577415275097392,0.009323645454647034,0.00864322911185389,-0.003624132409779768
2025-12-21 00:24:13.054545,-0.010669736467761592,0.01623013556542552,0.003930576079126835,0.008595947711947716,-0.0019869723631205094,-0.004638117279549325,0.012224989378799123,0.00516566182785505,0.0005189842340336259,-0.0001799242770079701
2025-12-22 00:24:13.054545,0.011297896638336136,-0.0010584854709776437,-0.016780683251042094,-0.017718575861960684,0.08204685748727547,0.0032275868622264614,-0.022783218879662726,0.00716897149139073,-0.010459513440906454,0.0005336690042003767
2025-12-23 00:24:13.054545,-0.01090695519894902,-0.01252826005163421,0.007677092234039007,-0.00034610432348236575,-0.024519718752482378,0.012146365473563625,-0.014631502642162841,0.005194886674165566,-0.0042582151081868025,-0.01907070896441443
2025-12-24 00:24:13.054545,0.004004140459391126,-0.02154896763701908,-0.029554561544538616,0.00048747396611248384,0.05242097742450369,-0.017472903162587206,-0.014836089492154314,-0.005743971009628646,0.008139262674147218,0.0001383064068405382
2025-12-25 00:24:13.054545,0.0013129271141258947,0.0035340266642125417,0.01862878965448278,-0.02133547940960223,0.05363625946528017,-0.021787280426185163,0.014403583449137392,0.004398744741922478,0.0015578730921319561,-0.006674024746061935
2025-12-26 00:24:13.054545,-0.009666502821239487,-0.00976775035027,0.00881202653419133,0.028967112898075076,-0.016642739876454926,-0.01882463743416407,0.02541937877405509,0.007880619427316438,0.006983763182663916,-0.004692433094146242
2025-12-27 00:24:13.054545,0.03435918384036696,-0.01899629799294278,0.004992130511073611,0.017136144345335724,0.01871493326660323,0.016303889906214897,-0.0008784062956411764,0.007444843441670734,0.02276787257595614,0.014828220695386918
2025-12-28 00:24:13.054545,0.010578524311944504,-0.008246372199056329,0.017809230203825077,-0.0036202748202167623,0.052083323419549465,-0.0065559337127775175,-0.001811076221203467,0.011551635715036257,-0.01737968983574123,-0.012386621318988045
2025-12-29 00:24:13.054545,-0.03129775984370298,-0.014274560730458408,0.029852398442733463,0.0010636501539045273,-0.011147750608475393,0.03262710689216486,0.0016498810766327754,0.0070103025759042925,0.018694609816400254,0.008474115640646263
2025-12-30 00:24:13.054545,0.0035316175461599375,0.024095871010663794,0.018367996672366438,0.004493620465059633,-0.0056185278331090105,-0.006712026145616501,0.017468954914856782,0.003638333731297516,0.0015404279650832464,-0.002533904274274801
2025-12-31 00:24:13.054545,-0.009826919088129493,0.012932664271996464,-0.03199377893081434,-0.038029606622872025,-0.017527575881359447,0.0027219532653599554,-0.012801163346961575,0.010429429589109418,-0.009834110318063694,-0.002541939679675531
2026-01-01 00:24:13.054545,0.01401980126864455,0.0006037952912489875,-0.022093425772803044,-0.004115657900654268,-0.03116818195209048,0.019825584581645517,0.004088562567662768,6.685797307004471e-05,-0.014727195797540116,0.008243977702377503
2026-01-02 00:24:13.054545,-0.011885790373536875,0.021224383620703335,-0.010544573331248586,-0.012332735289198427,-0.019656669636149093,0.025671220106179504,0.014764206200042151,-0.008015471877826807,-0.0017872808079173463,0.0037051726670533913
2026-01-03 00:24:13.054545,-0.0012116910145114623,0.0017865096739662079,0.0009363933448729433,-0.018373283404215957,-0.03775684403314661,0.026369329161825883,0.00789509273324418,-0.0012233776598451485,0.010807672822715553,0.00602901619874574
2026-01-04 00:24:13.054545,0.008548040210913488,-0.011221991358808636,0.009606837356794351,-0.004756740647613555,0.0018671791368944923,0.015620808915101536,0.0033817000743032732,-0.0067212080722259815,-0.001089128224845748,0.010036161910949026
2026-01-05 00:24:13.054545,0.01422960083355096,0.021822801318025054,-0.012324727158128157,0.034528637593378875,-0.02345822641537354,0.013298800493386276,0.015138715223598886,-0.006062374704738915,0.017492029162529787,-0.003061496847646894
2026-01-06 00:24:13.054545,-0.0183076535275829,0.008182876905176384,0.003770446556047302,0.01266634727258098,0.008157214872565044,0.00786196326677846,-0.0385312338451369,-0.0010481127629643483,-0.016097642790881328,-0.005892988481291828
2026-01-07 00:24:13.054545,-0.004672661209993656,-0.013660594809411952,-0.012847512081340273,-0.0102387127378043,-0.04821245570424115,0.010203253195632644,0.010456410838231678,-0.007170204128608804,0.00022006707308674933,-0.010659511473051664
2026-01-08 00:24:13.054545,-0.00688444749814332,-0.0019235604180695143,-0.010309969717178125,0.011376353016027352,0.011215398510159735,-0.006547461896585505,-0.008841745248866606,-0.0025925026139680396,-0.01384366398939163,-0.008041578381682624
2026-01-09 00:24:13.054545,-0.009693730200230455,-0.011420642647967938,-0.024334979131874435,0.027000887562646847,0.027047345353021335,-0.00991151159615633,-0.02588845696020481,-0.017575516424482962,0.004480340843713737,0.03000185565287805
2026-01-10 00:24:13.054545,0.028398528993144323,-0.018449517244059632,-0.01580811333258514,0.018029489689990852,-0.06200311932836866,0.0003543112295913975,0.008041550111586249,0.0023328964100453042,0.010413500607642456,0.01282296875907174
2026-01-11 00:24:13.054545,0.006973100551976863,0.013549900032030715,-0.02336528497351109,0.0016824636226666634,0.012575325318490593,-0.0017472993087381816,0.02053736221274427,0.00032885098896051623,-0.004413847431189555,-0.013339771844091297
2026-01-12 00:24:13.054545,-0.019261817710013562,0.02717631303753154,-0.016736595780460495,-0.011670400357233213,0.03946158944114542,-0.005313311297074019,-0.0013565211553036027,-0.0074033015286276704,-0.029171866680559155,-0.013051345547487214
